{
  "tpch_q1_tiny": 173.25,
  "tpch_q3_tiny": 181.06,
  "tpch_q6_tiny": 177.38,
  "tpch_q1_sf1": 438.25,
  "tpch_q3_sf1": 799.67,
  "tpch_q6_sf1": 310.74,
  "tpcds_q3_sf1": 5960.0,
  "tpcds_q7_sf1": 7070.0,
  "tpcds_q19_sf1": 5940.0,
  "tpcds_q27_sf1": 6490.0,
  "tpcds_q43_sf1": 5140.0,
  "tpcds_q55_sf1": 5190.0,
  "tpcds_q96_sf1": 4640.0,
  "string_like_prefix_sf1": 306.88,
  "string_like_contains_sf1": 337.09,
  "string_like_suffix_sf1": 301.58,
  "string_upper_sf1": 395.08,
  "string_lower_sf1": 424.79,
  "string_substring_sf1": 315.71,
  "string_replace_sf1": 413.47,
  "string_pipeline_sf1": 354.7,
  "concurrent_1par": 702.552080154419,
  "concurrent_2par": 1006.4561367034912,
  "concurrent_4par": 1615.5829429626465,
  "concurrent_8par": 2862.3459339141846
}